{"accuracy": 0.548, "MAE": 0.955, "Chance": 0.167, "Test score": 0.8901415467262268, "Test accuracy": 0.7096773982048035}